{"cameraMode":{"drawMode":0,"name":"Shaded","section":"Shading Mode"},"sceneLighting":true,"audioPlay":false,"sceneViewState":{"m_AlwaysRefresh":false,"showFog":true,"showSkybox":true,"showFlares":true,"showImageEffects":true,"showParticleSystems":true,"showVisualEffectGraphs":true,"m_FxEnabled":true},"in2DMode":false,"pivot":{"x":339.72344970703127,"y":425.50701904296877,"z":39.571170806884769},"rotation":{"x":-0.027307594195008279,"y":-0.002403067657724023,"z":0.0000637378980172798,"w":-0.9996757507324219},"size":286.43548583984377,"orthographic":false}