{"cameraMode":{"drawMode":0,"name":"Shaded","section":"Shading Mode"},"sceneLighting":true,"audioPlay":false,"sceneViewState":{"m_AlwaysRefresh":false,"showFog":true,"showSkybox":true,"showFlares":true,"showImageEffects":true,"showParticleSystems":true,"showVisualEffectGraphs":true,"m_FxEnabled":true},"in2DMode":false,"pivot":{"x":339.72344970703127,"y":425.50701904296877,"z":39.571170806884769},"rotation":{"x":-0.06772554665803909,"y":-0.030827486887574197,"z":0.002094307681545615,"w":-0.9972301125526428},"size":419.3078308105469,"orthographic":false}